SampleID,Variety,Country,Group,OsSNP001,OsSNP002,OsSNP003,OsSNP004,OsSNP005,OsSNP006,OsSNP007,OsSNP008,OsSNP009,OsSNP010,OsSNP011,OsSNP012,OsSNP013,OsSNP014,OsSNP015,OsSNP016,OsSNP017,OsSNP018,OsSNP019,OsSNP020,Coverage,Heterozygosity,Yield_per_plant,Height,Grain_weight,Drought_Tolerance,Rainfall_mm,Temperature_C,Soil_Type
Z9,BoIIYou668,China,Indica*indica,2,0,2,2,0,0,2,1,2,2,2,2,0,2,1,0,1,1,1,1,1.28,0.23,41.87,100.8,28,0,1702.8,21.3,Loam
Z9,BoIIYou668,China,Indica*indica,0,1,2,2,1,1,2,2,1,0,0,1,0,1,0,0,2,2,0,0,1.28,0.23,36.67,88.4,28,0,1541.9,31.2,Clay
Z6,Yuefengyou85,China,Indica*indica,0,0,1,1,0,0,0,2,2,2,1,2,1,1,2,1,2,2,0,2,1.04,0.19,22.49,92.7,26,0,1749.9,31.7,Sandy
,Naveen,India,Indica*indica,0,2,2,0,0,2,1,0,1,1,1,0,1,0,1,2,2,0,2,2,2.050867055,0.192677134,27.5,67.8,28.38410601,0,1747.5,28.4,Clay
,Naveen,India,Indica*indica,0,2,1,2,2,1,0,1,0,2,0,0,0,2,2,0,0,1,0,1,3.20258359,0.213282335,32.25,99.5,33.29479802,0,1641.2,25.6,Loam
,Rasi,India,Indica*indica,1,0,1,1,1,1,1,1,1,0,2,1,1,1,1,1,1,2,2,1,1.837045342,0.188793314,28.58,107.7,27.65201744,0,909.4,26.4,Clay
,Rasi,India,Indica*indica,0,1,0,1,1,2,1,2,0,0,0,0,2,0,1,1,1,2,0,0,2.184095091,0.184933399,30.87,94.3,27.91643832,1,940.5,21.8,Loam
,Pusa Basmati,India,Indica*indica,2,0,1,0,0,1,2,0,1,0,0,0,0,2,0,0,0,2,0,0,1.952266091,0.201075624,36.34,81.7,29.76125764,0,1393.3,33.6,Loam
,Pusa Basmati,India,Indica*indica,0,2,1,0,0,0,2,2,1,2,0,1,0,0,2,1,2,2,1,0,1.834047976,0.1972675,26.52,129.6,26.38802861,0,1221.1,20.8,Loam
,Rajendra Sweta,India,Indica*indica,2,2,2,0,2,2,0,2,0,1,2,1,0,2,0,1,0,2,2,1,3.379615878,0.184829232,23.62,82.6,31.78445548,1,869.1,21.7,Sandy
,Rajendra Sweta,India,Indica*indica,2,2,1,1,1,0,1,0,0,1,1,1,2,1,2,0,2,1,0,0,3.181534248,0.212915007,29.61,101.8,33.48615445,0,1865.2,27,Clay
,Rajendra Sweta,India,Indica*indica2,2,2,1,0,2,0,1,1,2,1,0,2,0,0,1,1,1,1,1,1,1.779516817,0.188087272,31.19,100.4,27.22615329,1,921.3,28.8,Sandy
,Rajendra Sweta,India,Indica*indica,2,0,0,0,0,1,0,2,2,0,0,2,2,1,2,1,1,1,1,1,0.465988652,0.185814586,34.13,104.7,23.59043925,1,900.9,34.4,Loam
,Rajendra Sweta,India,Indica*indica,1,2,1,0,1,0,1,2,2,0,0,0,1,1,0,2,1,1,1,0,0.526452189,0.20201178,33.44,113,23.40673159,1,1984,34.5,Clay
,Rajendra Sweta,India,Indica*indica,0,0,0,0,2,2,0,1,0,2,2,1,2,0,1,0,0,1,0,2,2.285305703,0.20009456,36.22,107.1,29.81739354,0,1249.1,20.6,Clay
,Rajendra Sweta,India,Indica*indica,1,1,2,0,2,1,0,1,0,2,0,0,0,0,0,1,0,0,2,0,2.920270353,0.207082166,28.56,96.6,31.78584513,1,1983.2,21.1,Clay
Z5,Tianfengyou85,China,Indica*indica,0,2,1,2,2,0,2,0,2,1,2,0,0,1,2,2,1,2,2,0,1.55,0.19,31.85,99.4,27,1,1459.4,27.4,Sandy
Z5,Tianfengyou85,China,Indica*indica,1,1,2,1,0,0,0,2,1,0,2,1,2,0,0,0,2,2,0,2,1.55,0.19,27.61,113.5,27,0,1775.4,27.9,Loam
Z5,Tianfengyou85,China,Indica*indica,0,2,2,0,0,0,2,0,2,1,2,2,1,2,0,0,2,0,2,0,1.55,0.19,25.03,108.6,27,0,1251.5,34.5,Clay
Z3,Qiongxiangliangyou2,China,Indica*indica,2,2,1,1,0,2,2,2,0,0,1,0,2,2,0,2,2,0,0,2,2.39,0.18,38.26,86.5,30,0,1329.8,20.2,Clay
Z3,Qiongxiangliangyou2,China,Indica*indica,0,1,2,0,0,0,0,1,0,2,2,0,2,0,0,2,0,2,1,0,2.39,0.18,28.18,100.8,30,1,887.3,24.3,Clay
Z8,Haifengyou66,China,Indica*indica,0,2,1,1,0,1,1,2,2,2,2,0,2,1,0,1,1,1,2,2,1.15,0.18,39.98,84.1,24,0,971.6,21.8,Sandy
Z8,Haifengyou66,China,Indica*indica,2,1,0,2,2,1,0,0,2,0,2,0,2,0,1,0,0,1,0,1,1.15,0.18,26.05,88.4,24,0,1704.1,28.3,Clay
Z10,Jinyou601,China,Indica*indica,0,0,2,1,0,2,2,2,1,2,2,2,2,0,0,2,1,0,2,0,1.62,0.21,27.51,102.7,29,0,1713.8,29.7,Sandy
Z10,Jinyou601,China,Indica*indica,1,2,1,1,2,1,1,2,1,2,1,2,2,1,1,1,0,0,0,2,1.62,0.21,37.97,102.9,29,0,1786.2,33,Loam
Z10,Jinyou601,China,Indica*indica,2,0,0,0,0,2,1,0,1,2,2,2,0,1,1,1,2,0,2,2,1.62,0.21,36.48,101.9,29,1,901.8,20.2,Loam
,BPT5204,India,MISSING,1,2,0,1,2,1,2,1,0,0,1,2,0,0,0,1,1,2,2,2,2.750134165,0.225683615,33.37,124,30.71886587,0,1647.5,23.4,Loam
Z2,Boyou225,China,Indica*indica,1,1,2,2,1,2,0,1,2,1,0,1,1,1,1,0,1,1,2,1,0.79,0.2,29.1,96.2,25,1,897.6,34.4,Loam
,MTU1010,India,Indica*indica,0,1,1,1,0,1,1,0,2,0,1,1,0,2,1,1,1,0,1,2,1.646143069,0.189541754,21.68,94.6,25.99483697,1,1244.8,33.4,Sandy
,MTU1010,India,Indica*indica,0,0,1,2,0,0,2,1,1,0,2,1,2,2,0,1,0,1,1,1,2.58626404,0.209184078,25.49,86.9,31.06909951,0,1936.7,34.9,Sandy
Z1,Teyou108,India,Indica*indica,1,1,1,1,1,1,1,1,1,1,1,1,1,1,1,1,1,1,1,1,1.82,0.18,30.94695963,98.64004192,28,0.36793828,1404.261046,27.41012356,Alluvial
Z4,Qiongxiangliangyou1,India,Indica*indica,1,1,1,1,1,1,1,1,1,1,1,1,1,1,1,1,1,1,1,1,1.51,0.17,30.94719695,98.64000797,29,0.367090503,1404.262803,27.40999965,Clay
Z7,BoIIYou938,India,Indica*indica,1,1,1,1,1,1,1,1,0,1,1,1,1,1,1,1,1,1,1,1,2.63,0.23,30.94796458,98.63990916,31,0.36440899,1404.268015,27.40963713,Loamy
Z11,Hongtaiyou996,India,Indica*indica,1,1,1,1,1,1,1,1,2,1,1,1,1,1,1,1,1,1,1,1,1.17,0.17,30.94772361,98.63997314,23,0.365569212,1404.26381,27.41022269,Laterite
Z12,Peiza629,India,Indica*indica,1,1,1,1,1,1,1,1,0,1,1,1,1,1,1,1,1,1,1,1,3.52,0.3,30.94731587,98.63997921,33,0.366519802,1404.264873,27.40968475,Alluvial
Z13,BoIIYou629,India,Indica*indica,1,1,1,1,1,1,1,1,1,1,1,1,1,1,1,1,1,1,1,1,1.97,0.19,30.94808012,98.63991308,27,0.364190613,1404.267304,27.409861,Loamy
Z14,Boyou729,India,Indica*indica,1,1,1,1,1,1,1,1,0,1,1,1,1,1,1,1,1,1,1,1,3.37,0.21,30.94784644,98.63992021,32,0.364767441,1404.267655,27.40959661,Clay
Z15,Jindao138,India,Indica*indica,1,1,1,1,1,1,1,1,1,1,1,1,1,1,1,1,1,1,1,1,2.69,0.2,30.94760951,98.63995659,30,0.365654431,1404.265567,27.40979921,Alluvial
Z16,BoIIYou138,India,Indica*indica,1,1,1,1,1,1,1,1,1,1,1,1,1,1,1,1,1,1,1,1,1.55,0.2,30.94819952,98.63989298,28,0.363741528,1404.268368,27.40977283,Loamy
Z17,Hongxiangyou3,India,Indica*indica,1,1,1,1,1,1,1,1,2,1,1,1,1,1,1,1,1,1,1,1,1.06,0.21,30.94766639,98.63997007,25,0.365675163,1404.264177,27.41011835,Laterite
Z18,Teyou209,India,Indica*indica,1,1,1,1,1,1,1,1,0,1,1,1,1,1,1,1,1,1,1,1,2.96,0.2,30.94690169,98.64003707,31,0.368006931,1404.261736,27.40993605,Alluvial
Z19,BoIIYou316,India,Indica*indica,1,1,1,1,1,1,1,1,1,1,1,1,1,1,1,1,1,1,1,1,2.42,0.19,30.94813859,98.63990716,27,0.363994172,1404.26764,27.40983631,Clay
Z20,Mingxiang1027,India,Indica*indica,1,1,1,1,1,1,1,1,1,1,1,1,1,1,1,1,1,1,1,1,2.96,0.2,30.9474321,98.63997845,30,0.366255669,1404.264515,27.40984532,Loamy
